{"cameraMode":{"drawMode":0,"name":"Shaded","section":"Shading Mode"},"sceneLighting":true,"audioPlay":false,"sceneViewState":{"m_AlwaysRefresh":false,"showFog":true,"showSkybox":true,"showFlares":true,"showImageEffects":true,"showParticleSystems":true,"showVisualEffectGraphs":true,"m_FxEnabled":true},"in2DMode":false,"pivot":{"x":-0.8591168522834778,"y":0.5135135054588318,"z":0.14881852269172669},"rotation":{"x":0.14755286276340486,"y":-0.5591453909873962,"z":0.10192642360925675,"w":0.8094488978385925},"size":5.938348293304443,"orthographic":false}